-0,751637032733486;1,85753040195359;-1,18549521423192;0,525645399397433;-1,24317386550892;0,590284757249432;0,704698902549105;-0,126979503979965;0,117041409798907;0,30471915990716;-0,412978218739935;1,03703814522946;-0,553251946423669;1,37696708443347;1,32231773447152;-1,44700553278806;-0,383312776608469;-0,514894637269631;0,0110666012473382;-1,1098425875097;1,94569857003058;1,10606312989504;0,42343691260169;-0,730695114683904;-0,0548731515637695;0,421017069882234;-1,35677913701426;-0,089712076460052;-1,06900545794752;-0,81216517980835;-0,583405766311872;1,13887455893375;1,67483911393403;-0,698220847015824;0,316609058989211;1,3344506031066;-0,528363905150328;1,0544938555023;0,984932308669387;0,559670297735891;1,91361847671609;-1,64420710100505;-0,799012438625012;-0,658107876705754;0,374029219577211;0,354850322660775;0,567986217302755;-1,80238441390402;1,47490322561124;-0,935102650548503;-1,28666908209364;1,6855540261897;-0,0398893533529511;-1,26849925778435;0,110404358627388;-0,511984402906493;-0,00441566779310582;0,787069866848538;-1,29763545926228;-0,0948320133332444;0,147762480552881;-1,06888076895614;0,597150562454012;-0,903814614704413;-1,08662168184588;0,0277081238586527;1,21231735372645;2,34883135547206;-1,00904227258025;-1,52742415260038;-0,424602655767826
0,0563105497964241;0,897858562828547;-1,58454877933877;-0,931850567439289;1,49164564348396;0,240499908919334;-0,404570365599684;1,21683054506116;-1,4345862785266;-1,17176199571838;1,53564626255059;0,471712954580946;-0,665773314840666;-1,42757106240713;0,143962187769637;0,326817206250936;1,0695470928569;0,881049681519474;-0,774547547069166;-0,343339652437269;0,699246182901311;1,52706107032476;-0,616145372243896;-0,881992163378192;1,05848424527787;-0,815031756679148;-1,37014463740787;1,45180033673796;-0,939546265547435;1,25901046908995;0,521095357180446;1,49342829402536;1,48590019095336;-0,162199514523081;1,44966442019649;-0,58339119802882;-0,279769938617546;-1,16374168134632;1,08673983996196;-1,45308323910386;-0,863527808373665;1,39266923174639;1,9520408133177;-0,157324606244033;0,627392883857239;0,829996709072096;1,04421772793726;-0,73994169032741;1,06794505152499;1,50207066436497;-1,22742193478211;-0,484166329352633;-1,47250522289578;0,922910912939234;-1,02918329279135;0,413533004971938;0,183204562820079;1,37682993747452;-0,0373096273679962;0,67866922085483;0,11216272271064;0,233223888808098;0,823621550709992;-0,706206809225522;0,305111286763217;-1,56392505819789;0,751607541018083;1,3276768277962;-0,657465767788762;-0,652547878364458;0,0417055658546804
0,370006511540609;1,30184030511709;-1,1057595602978;-1,00438029313789;0,850279488204941;1,38786347351761;1,1761295391477;-0,347119877149206;-1,46469352964554;-0,171187638799103;1,51276176634401;-1,95260313612055;-1,08836013391734;0,994132137638283;-0,841987249329389;1,31990797432776;-1,19032971593498;-1,24219078513042;-0,710930666051232;0,923940634224953;-0,137586263723117;0,245117330190541;-2,04349808324441;0,0145744896511825;-0,144134990741744;-1,1296156423435;1,26409337647481;1,29395714143022;1,0277570489264;-1,84782818507575;1,28294681044933;1,71532608015435;0,147648355591878;0,745852556231404;-0,393449234478412;-1,15883428758425;0,669343699972831;0,337195729065729;-0,0360661509019317;0,505112700937446;-0,106639623854341;-0,700199519565177;-0,489288972146376;-1,57281587145582;-0,0784567826402251;-1,13090903366602;-0,682038056518272;-0,17806150659926;-1,17270773540629;-1,02163284037135;-0,502706325169385;-0,00583977285579419;1,44858351630005;-0,31982800427103;0,965782780230838;1,75140208665887;1,18437103454087;0,797916103191145;-0,17589288865504;0,599462350429368;-1,05808600908001;1,21788399420762;1,13108033389911;-1,25165351724068;-0,225205811180214;1,46634117868259;1,05710949093409;0,117863477970583;-0,608354344620413;1,12513262245525;-0,266805889211115
0,553458372028778;1,12116154955604;0,706200114224644;-1,30419850422985;-1,45489763793515;-1,17230846499694;1,59360607168414;1,63340390667252;-0,116418468106419;0,978528668121247;-0,942458901106133;0,0138392405671141;-0,623560253157097;0,0959795588666203;-0,578586366127924;-2,32411543369778;-2,07508570736508;1,56480501822549;0,0440686326260076;-0,159844228639438;-1,17225784363895;1,70650851321589;0,570276792512789;-0,0405140551994963;0,490397145131794;-0,813196870709019;-0,58000622352368;0,698996775557806;1,15482979988282;0,543287000340191;1,43129220771603;-1,37189691896375;-0,664045699808822;-1,0518919807038;1,04083589362928;-0,281797228917361;-0,884942149267951;-0,898573849717151;0,18745289414395;0,505104076745051;1,28812171756194;0,609889068603008;-1,37312132020649;0,24262991060092;1,47321175005782;-0,393702709534175;-1,01110514111717;0,0836052920842279;-1,35315841076506;1,42513319533998;0,385763508918349;-0,0677525771950838;0,845402447150588;-0,835697932534863;0,941773547592705;0,460888898624252;-1,41920390981282;-0,992380469548633;0,503073668567255;0,327366276345952;1,37288055368085;-0,584533869580384;-0,607460328479726;1,13462807127756;1,44842538366046;-1,48471576011546;-1,29421969323481;-0,626851593343465;0,736934687381323;0,613145848837387;0,826992174251128
1,18033656628066;-0,966127487115412;0,285254189364742;1,04111680720046;0,388037783152573;1,26580215511411;1,41790787581851;0,171488835170667;-0,833740396536807;1,5235398729009;1,07634126175004;-0,369393540040892;1,18624924308363;1,39221522979736;-0,811052979222982;-1,09837754359789;-1,40231116667788;-0,903388317759966;-0,788998262581834;-0,434028497029294;-1,41152875572721;0,566030828276254;1,90654787997108;1,14404199097937;0,0113738745683899;-0,630041710814831;-0,643558942027706;0,794733083400363;1,23949645438656;-1,14841338451762;-1,60398757777057;0,907720266354216;-0,321786497661634;-1,21435319235597;1,30740829169178;-0,432695088086627;-0,602415334299061;0,207149309349909;-1,09506937351656;0,924027009285451;-0,760376459016757;0,157285297064094;-0,266640990601275;0,507188646505313;-1,50204930108223;-1,60550855283028;0,235985259583153;1,10774985632824;0,80027663150024;1,35104602538437;-0,764241291157599;-1,34323917849605;-0,367334659713161;-0,790052444373003;0,276163313555813;-1,00784906354942;-0,542003064478246;1,07786394439197;-0,211462691911097;-0,872514847735481;0,346431647254437;-0,889997197215235;1,35469269792509;-1,13776580611825;1,72110770183692;1,44957115734801;1,20061196296833;0,813091234707811;-1,20302563324327;1,17241284907979;0,0362728761180491
0,46712639875196;1,82189848979461;-0,663442694747448;-0,647593959853524;0,0951507103452924;-0,446586850680168;-1,08081844198656;0,289927330993121;-0,346038219685323;1,38042368905483;0,289995753578277;-1,11379008642475;1,35067131796442;1,0348734554808;1,06789682289815;-0,135138438370311;-1,02904135210494;-0,222292710260469;0,87053611657405;-1,28635437072375;-1,01008589725329;-1,15021231569895;1,47756739490784;-0,323383228218725;-1,75079981931574;1,6618808841073;-0,90296049755305;0,191237103034271;-0,450985027008562;-0,8274778978633;1,23791184418709;0,532238108133519;1,22097707727481;-1,62709671652959;0,989617537232918;-0,8163197359496;-1,01665981756163;-1,12687752458485;-0,738400465671097;1,41125256666987;-1,46445881113834;-0,828947758524409;1,57341170057423;-0,0707434318522029;1,45345581767776;1,55605405893209;-1,21814782385845;-0,118752004117949;-0,142273845376948;0,345330515784611;1,27857315036968;-0,607796998307623;0,297435754697764;1,09142685658924;0,975105936838958;0,806234861693466;2,04837305661518;-1,26146062814627;-0,836575925751686;1,32313547180677;-0,412709855339834;0,610066720816406;0,668919561453967;-0,432061326964406;-1,55103775916875;1,46670139751139;0,142248535903856;1,09350533144226;-0,493259347758506;1,05884756527775;-0,518353104236525
-1,57985034022441;-0,356049705954844;1,43540634142265;-1,38536913566309;-1,30663535151745;-0,788889074224134;0,318370522829873;-0,426729791796264;-1,43606792830122;1,04083115685586;1,3754046839206;0,465577401062701;0,30705701875901;-0,679014552591053;0,656971505132489;-1,19185105021865;1,94475792331564;-0,0573446583643819;-0,980001339202444;-0,802164729086633;-1,52222242621492;1,22542293292204;-0,292516784887246;0,579540912772553;0,0277587544527288;0,801252037782817;0,586799504989821;0,101523549578371;-1,34848057715681;0,341307681672085;-0,677666620027761;-1,58181324590882;0,372964628431161;-0,549702117268691;1,48297221075543;1,54815931047841;0,890012647695392;1,0247917294238;0,220823880961728;-1,08440780402704;0,175421062366539;1,20600709958308;-0,926009213062147;-1,52917352126779;-0,368494502347917;-1,51852447127305;-1,49556743597289;-1,45025240050262;-0,208412605617488;1,23373090834064;-0,0245000650524254;-0,203871354357642;-1,32624775058169;-0,121970135837952;-0,845682969368467;-0,671219487700417;1,85482251229976;-0,766191015740876;0,73242487551683;-0,0931388763289848;0,666117585761842;-1,37609774047196;-0,620319632947196;0,252373250802214;0,12567968857224;1,37464281295671;1,85213797192458;-0,918829328374458;-0,0222088119145124;1,08101035235706;0,0979995702323721
-0,60591542703139;1,11200854358343;-1,57624577111292;0,98927171643944;-0,491147662337152;0,194606800621448;0,0562646403720241;-0,504688397596704;-0,247283629804034;0,281764937313279;0,194933399576468;-1,3500245696058;-1,01150459686399;-0,983836396448692;1,57853623024027;1,50122805372483;-1,16818567382061;-0,831454779899451;0,212475627088711;1,38842206566544;-0,0215929259962973;-1,26751476823573;-1,52591340473187;-0,145179900107855;-0,0703181164712056;-0,36875635263738;0,535560024462173;0,886983422637225;0,035880340176154;-1,90042971749633;1,0520350089338;0,280975926687399;0,344003716353411;-0,37040091414908;-1,32027276522073;-0,133403618707414;-1,45922189665581;0,615552548436668;1,17504061213379;0,424304116320346;0,335000765542663;1,77365382760703;-0,800187733811629;0,706731743014601;-1,65739616658349;1,39859026737097;1,28349573620759;-0,478942376510001;-0,569207945153136;1,47599382140438;1,27348449189669;-1,16139642922153;1,0085388702896;1,29900730627219;-1,67997667476981;-1,3401552224599;0,642183323623168;0,0191119323741051;-0,515615200321699;0,805078580272281;1,05899861423887;0,781874069326069;1,04652815805231;-0,423884531477737;1,204273297145;-1,71677185503096;-0,428917836014698;1,18508018032691;-1,80803067859623;-0,905979249846797;0,658819508266528
0,263062187632399;-0,597788267211652;0,964633983967094;-0,458614465567867;0,0495809354087204;1,4027842996095;-0,0865472317559692;0,48632063013986;-0,569876880330403;0,093440644139799;-1,15126756062882;-0,867822423109735;0,474220933923041;-0,937465278724297;1,16230965479187;1,5463256421998;0,994815201422316;0,0502402302222787;0,779551773330331;1,49243192434555;0,524708770673735;-0,416314784887776;-1,50238152899976;0,485338158030266;1,20071945604694;-0,736455994410469;0,792458308199762;2,15434505707888;-1,70231208682439;-0,616339168151062;-1,44316441827488;-0,511309242004413;-1,47631568326356;-1,9200666324311;-0,78971821026407;1,92503487490313;-1,5738494232799;0,412019987511625;0,337459035169875;-0,670821730951888;-0,249704225555683;1,52394668315173;1,54972603450317;-0,589208159020919;0,235786307593635;-0,103303467834262;-0,915128943825722;-1,26006997756114;-1,74767392394565;-1,0559111484736;1,07679481993833;0,767520822138708;-0,830681423550649;0,762720400173383;-0,68529033234711;-1,14150415099181;-1,87328116223223;-1,84905306178259;-0,423317178362636;-0,625821631520918;1,62035403875344;-0,458438815131226;0,453960751357145;1,04787710125351;0,451489772587313;1,25986550662192;1,35010203668637;-0,132934559823583;1,10217245922423;0,345504568392638;0,338230912790224
-1,39465909747347;0,930611528566887;0,129317044134207;-0,850063072239143;0,592579183011653;-0,331249470299495;1,66613354629046;-0,912149516544355;-0,866533975869111;-1,57960179058419;0,70659835578657;1,31189739060243;0,808860217838345;1,61295909429712;0,0197362231858218;-0,71650091388464;-0,0787902236522935;1,29614396454268;-1,57864941401548;1,23243174076415;1,87775618215434;-0,940071921100158;-0,406310812014748;-0,272439139946748;-1,25665094875357;-0,382522453790982;-1,798223254965;0,841518630753901;0,306682519816802;0,734390999925939;0,67738431688429;-0,843239493664219;-0,557563472486931;0,357967033366922;0,023646121570556;1,04413675545945;0,0248367260478452;-0,673764468245403;0,178949616252482;1,17726090138978;-1,44795851083417;1,03775983756219;-1,47312164964606;-1,47394759534267;-0,844658976870657;-0,211505183282399;0,941547527743894;1,64052116890142;-1,94251395745835;0,499375649467656;-0,352409272174341;0,377371315792203;1,36240074516918;1,56169670694462;0,915394244343946;1,20349243224217;-0,525821384626642;-1,65577826312918;-1,36833129392352;-0,96708301747492;-0,645814939745247;-1,18185513206005;0,534774820787543;0,136769203232224;-0,516237109961736;-0,17280436573404;0,162779162816375;-1,35805317458483;-0,537923670154226;0,644083475590151;0,00744184535462608
-1,09847477037527;-1,02723051019544;-1,3667512322005;0,990391110465637;-1,10404027403993;-0,964614821761457;-0,97224165763669;-1,28008765955485;0,383987302612242;0,596224352173614;-1,7107843839032;0,531599831378403;2,45821983453803;-0,575125517716793;-1,68408819112941;0,02024141711291;-0,460386280608794;1,00065080959841;0,608541923326422;-0,534300007421336;-0,378158110587878;-1,34897850706772;-0,462550252922382;-0,0491104002447007;1,29549928382166;-1,17847464720954;0,299886992210712;0,597353822553125;2,08555427572759;1,55322471849333;0,607365727510205;0,692965764380593;-0,459207273219757;1,12845213842849;-0,143179129152184;-0,479515430991724;0,534987771221513;-0,153820317345288;0,210374994369703;0,935762324890292;-1,11796426248627;1,48419040856613;0,353382001781305;0,31310460285605;-0,706043546614709;-0,540875747848229;0,9927979691966;-0,943872422705862;0,175772514488819;-1,56349694768997;-1,26513337479562;-1,0062384891813;0,595133480383965;-0,946230634730332;-0,595849772621858;2,12339498546088;2,1579297495101;0,774709873853075;1,21444210706668;-1,18742460062754;0,768067303285929;0,400786607146844;-0,0953220351469882;1,24170376268131;-1,5832443788082;-0,335783609075513;-0,514649032830627;-1,19328372263824;-1,91444375272821;0,445871046441327;-0,27614415062789
-1,25962282781984;-0,825329889148529;1,11437622512369;-0,719708809842394;0,0292961187058314;0,758244357002864;0,714460904518936;-1,97096788928552;-0,303810258083473;-0,0655831223372193;-0,442005574292821;-0,794801243567044;0,797226138312182;0,813446344146097;-0,640685126524892;1,68091566780309;-1,39923547853242;0,163745905880026;-0,816916113076307;-0,429569376676391;0,838122355774891;-0,0914542161734894;-0,347779599471384;-0,982102308374452;-0,211511946749147;0,544188383890269;0,50574979825315;-0,155682202513208;2,0353637654746;-1,090888536463;0,285570844287295;-1,24725400986583;0,958394451675023;-0,798030420535379;1,73024453901798;-1,54229430943132;0,897406940268072;1,6533338150871;1,10551592188846;-0,713465610424686;-1,13947606322162;0,968989027814827;-0,629015664895008;0,375169919159015;-1,2855050035281;-0,919711302676965;0,607816913549664;-1,49536861523365;1,07466077361288;-0,290238165615853;-0,709007445314474;0,264578757728047;1,24409918359067;-0,6288030760264;1,74154216536318;1,08925638969597;1,0633185025894;0,765171996497453;0,812078669107681;-1,53252164601014;-1,30041055935788;-1,14020732362596;-1,40007789718635;-0,836503555079865;1,25797276877165;-0,979948996195174;0,450047191020003;-0,616839128121068;1,24977577740888;-0,673193007549135;-0,362013140984019
-1,29703037581691;1,30859474071273;1,60594449534959;-1,16807585145218;-1,43699072550889;-0,992143139493637;1,22150112394014;1,6018383519171;-0,849000380094718;1,27647685550009;0,451926617392767;1,18858268935564;0,286158366472308;1,21845748003094;-1,33520865384408;-0,451275153082904;-0,0711883735254499;-0,263122266673076;-0,816073759098441;-0,521820282090518;-1,31474731406817;-1,08928547062964;0,702967729516925;-1,07838884466913;-1,29933378480213;0,83439997137377;-1,35249261884441;0,854485183434564;1,56116638233968;0,76519332020459;-0,654461095684185;-1,12527452301443;-0,0571922405318271;-0,703837458938745;-0,779802860644981;0,507997087264467;1,14813851031557;-0,978532573873644;1,44433131196846;0,0980350928692645;1,38091598548617;0,815066810214711;0,384846957222106;-1,1190978683901;-0,0903349387151765;-0,512080890137158;0,0249007495154808;-0,268545913157061;1,14353583923979;1,31855180566735;-1,14008750514583;1,70183837855033;0,532598348350673;1,48647866810433;-1,25196276600647;1,49695024217321;-1,06061187641533;1,14028190025144;-1,46299382786271;-0,514845504027915;-1,19176217837514;-1,16513865247343;-1,39216134490501;0,0177335299897839;0,416607094495132;0,0334982613304507;-0,366665573849541;-0,613334793116688;0,488181406946231;-0,199862550215181;-0,0137844774789105
-0,80995015086654;-0,290760218879131;0,533003023053417;-0,590170856898112;-0,728690534726435;-0,193481872037486;-0,186531509639474;0,57120735896215;0,574520733386714;-0,800600601268236;0,881230918418013;1,02758463344791;-1,51874315870555;0,13931763508499;-0,901393378687228;-0,296455644737715;0,0173155765933669;-1,51684657641084;-0,477315587623671;-0,637948715831566;1,20140026279751;-1,26953235753908;0,486259444692643;0,040247294967987;0,898354864277511;0,950018654757889;-1,12428528563765;-0,362573163613667;2,17410757982878;2,20032262934265;-1,03932833083618;0,960214888887231;-0,0286731752810693;-0,293320605837737;1,38792814361625;-0,112930143063683;1,47912821910901;0,34286075269864;0,964219484801721;-0,0854643420828726;0,391099678503531;-1,3274018584279;-0,777738499849155;-1,99715573783468;-0,326315265765627;-1,16476217530777;1,43527223184454;1,7151748470235;-0,0465443984349721;-1,58397829696519;0,878771778773489;-1,61206546999915;-1,06125481269239;1,59642429029566;0,254478344101014;-0,77366561152414;1,52473487283439;-0,517042743113607;0,325635566940578;0,310729650175443;-0,159375497513284;-1,75391884647966;1,02629632884398;1,39429395033353;-1,50419843251698;1,70712605857525;-0,0700168182269042;0,354586797944791;1,17995199389159;1,34785099414899;0,0136930875758582
-1,75495695381836;-0,699709920858175;0,535256285570986;1,0536898626172;1,0406211284085;0,827859250514786;-0,236311854109921;-1,67864649064892;-0,315409466683033;0,842872370645613;-1,23710009332316;-0,865310841108009;1,57592756933503;-1,76372955853879;-1,67433304880161;-0,500041156389415;-0,534609197166191;1,22426547292654;0,749856156330376;-0,180821256306276;-0,328467392505278;1,53329628154315;-0,901573165562962;2,00377620070744;0,295738458159932;-0,259002226586065;-0,522063624188448;0,96278534147922;0,295170168172587;1,13143188476014;-0,617903134456582;-1,61994483044278;-0,0198253767893003;-0,532266572701953;1,62368781073663;0,652973595352187;0,131320910852305;-1,19266174956869;-0,183999919612433;-0,889291490763609;-0,307253150507298;-0,858009316299629;-1,54152238033264;0,812937545899286;-1,15336423697076;0,744760802862028;1,1294566158659;0,965493398774103;2,22645399195778;-0,354629431737651;-1,26056760824689;0,276955854638914;-2,15606803551744;-1,66598982332017;1,25005495545056;-1,09648492666855;-0,366447853624119;0,822705199000429;-0,211279807871715;-0,879425008034882;-0,0811833031714713;0,630026487375727;0,581706586347476;0,970838362982667;0,318715084619571;-1,48700013294773;-0,132168175044535;-0,368470715314345;-0,972138269123995;-0,261364285779329;0,260152166086379
-0,579693335061185;-0,958749471294101;-0,363659969639435;-0,27425662759436;-0,587708262768345;1,6899039183716;-0,91821550406913;0,785726862692856;0,832884080405994;0,296144022604962;1,04643452783001;2,04403084049335;1,84544726837705;0,721925195431307;0,291454741004182;-1,82995268895421;-0,182815769311826;-0,0199631086751994;1,00285306635391;-0,67630642583052;0,194907486941044;0,667436194583235;-0,975578511846416;1,27282476759744;0,573364927081932;0,977952728823385;-1,647226646775;-0,0256013823876387;-1,69716989788668;-1,75479015345205;-0,890010248510639;-0,403510213566953;0,181993205466274;0,362423101689474;0,45553493570631;0,065327109110681;0,466232474451596;0,697595166066513;0,0638205454024932;-1,57162394424597;-1,4884434294453;-1,40224566581387;0,695732857798442;1,21730300466251;0,0549207088903868;-0,026230108690714;-0,0296395662103225;-1,37377160031843;1,17903459680491;-1,44283244225547;-1,19480777663926;1,75574641966367;0,158712349497526;-1,63160911587354;-0,603969477349644;0,366070997902854;-1,70001018256552;-0,0655124772117004;0,979384589047169;0,605939586607239;1,05621580851546;0,667779156891097;0,745682843271861;0,174559508527614;-0,932828823485618;-0,381845589608204;-0,131969429979608;-0,28583319175921;-2,34769257524954;-1,85112203731839;-0,146337918856258
0,7582520291898;-1,39057602370737;0,476676578732902;-1,05744330021813;-0,514860765681873;-1,00934612592741;-1,09544153525277;-0,525379246519163;-1,57043266584236;-0,906150674424246;1,05338229748357;0,0614664832314459;1,71246930679324;1,15125327038241;-0,94579258967625;1,21902262071205;-0,611278067311355;-1,48041977186874;0,885026940639397;-0,234202504116412;-1,30335101960359;0,814181957307089;1,52827964431502;-0,867603652627712;-0,828495225974823;-0,391528420817769;-1,12538390105433;-0,290889695338329;-0,794415700246055;-1,27973216502102;-1,64135883709574;-0,993096301955382;1,06103200022461;0,498883841599102;-0,0683848013772297;1,21730688168006;1,27333617488515;1,65201049878496;1,25819420054838;0,355996866299108;0,821970097490672;-1,04203627134062;0,116632296010942;0,144010420087543;1,32587097950161;-1,13135541872005;1,09652231775796;-0,147528550486194;-1,09345123605258;-0,0835695873841809;0,917882556274611;-1,25429634014654;-1,15288305637219;-0,0604640702749664;-0,922763408964137;1,01073615688299;-1,23717996311175;-0,824917152602205;0,966773595317407;1,67720148234179;1,7964341602585;0,951607893583748;-1,8722294805391;1,52794667341052;-1,33929282863004;0,685624423299868;0,691936187845202;-0,579272449513968;-0,0840426501866246;-0,643863237844432;-0,590731100855765
-0,0596901907036463;-1,33632763235973;-0,721532444588086;1,31665710357634;1,59056347221827;-0,460880426874516;0,0570055994520978;-0,521892628853491;-1,19481753169234;0,587817210534037;-0,604367704259384;-0,287894386068508;1,06467001345268;-1,11686226638588;1,48667067705421;-0,948688366973875;-1,6497852362989;0,592648117482356;0,148655026885733;1,60706765310727;-0,0372365445646613;-1,27467596524755;-2,28629547583141;0,378546737362062;0,648847245971539;-1,0438850673254;0,368351011694469;-0,557720777921475;0,0316531988763856;-0,549790384582263;0,587824908178977;-1,39543828192141;0,580005563821413;0,029643194073272;0,538445065223006;-1,75334523334725;0,976798288875261;1,88419185219119;-0,919101261234937;0,00513514354097636;0,223398535030823;1,90949593605129;0,156068360711528;-0,711824411639672;0,49264520323378;-0,365182581736326;-0,27799663279509;1,28655715885735;-0,918118672233957;-0,171673694681302;0,678342963451025;0,0690879319650817;1,77932225362741;0,0734598774013115;-0,0713332243474483;-0,635172912707638;-1,33307803871575;0,723965352853196;-1,51142282099064;1,0333680179024;1,40232381443807;-0,777053087708567;-1,50078675888491;1,48301261768109;2,16915431319451;-1,0559361418448;0,823945229666061;-1,30966015469258;0,621950688994532;1,13727859137291;0,177120341199895
-0,466115879291867;-0,531231101601203;-0,903455770156208;-0,622857946239373;0,471053356432996;0,783985520188667;0,413476175807828;-0,896321668208392;-1,23787377352518;1,11106745544038;1,22159821491296;-1,27213367375616;0,901539385939063;1,12540647956461;-1,38007902966533;-1,02625118662265;-1,22021649884052;-1,07880468589292;-0,980344710203847;1,4162801536754;1,49419150448879;0,93448439117831;0,803201166468699;0,772138999874628;-0,601332817213377;1,35308052493102;0,610576404366896;-0,038908005367023;-1,12114897673943;0,683371466570528;-0,91853569267427;-1,15391696407479;-0,559418889352488;-1,82683169095904;-0,911526409784563;-0,576068556494131;1,57151415218319;-1,53571814247243;0,8281122207585;-0,0141975974750127;0,25511516747529;0,764156914778951;0,727674286097973;1,78879376132772;1,95237557830376;-0,707964147722905;-0,655963198977965;-1,54526353037278;1,43488241305154;-1,63281966206273;0,162365113417777;-1,43027550385368;-0,408592077926817;1,84492749329053;0,632007093517188;0,285306696678987;0,128687879554831;-0,643423461394046;-1,30326555539284;0,441432422266241;-1,42204420862807;-0,653360919623055;0,464681572525311;0,181643755177976;0,594920502848953;0,947735056644434;0,756775392227051;0,91657959793488;0,549067292274214;1,47007025184962;0,336794027759745
-1,29011623399661;-0,238938489106603;1,52964468960437;-0,147043014013004;-0,864274097390293;2,12696471278062;1,35143796516335;1,65752914446748;-1,10615038355393;0,539184594022204;0,694649798231794;0,478851356026877;-0,435872220208312;-1,23306604829658;-0,662727951050702;1,16250268200107;0,190287858392782;0,0127656508846606;0,755837403272729;0,905456146711274;1,07978935493077;-1,36211724442702;-0,852930558130997;-0,269461687286467;-0,973420788175291;-1,53357875212331;-0,549512293262152;-0,774670581811145;-1,86488892470533;0,0472140168911131;0,412311364188877;0,595061207507392;2,04311987558332;1,10278129235329;-0,251852462340615;1,18352275922576;0,0147829072817252;0,16869827885181;-0,025022925756914;0,716556270741776;1,1827436921004;-0,60110338248476;-1,56910478301741;-0,859960720223711;0,438854723275029;1,51813244687458;0,147408096195254;-0,243788323874325;-0,54726397145547;1,97711714461462;-0,0762013180430206;-0,708506747914806;1,77999236029362;-1,13099061714542;0,713451103592697;-1,59283181387642;-0,754075829594671;0,203390502249923;-1,02098081959521;-0,964153402274789;0,565654641386455;-0,0542376882028318;0,898438441713814;0,873715046038586;-1,59749285078254;2,06976104991736;0,697020577143635;0,632248687470048;0,841204818529168;0,603489240812489;-0,424606594346015
0,766260384141121;-1,2099919628801;-1,504524232849;0,72438599427967;-0,786787241860833;1,34384890877353;-1,72202791452573;0,523016958433114;-0,242341374140921;0,603466305378919;1,46478253991889;-1,76047467842657;-0,937223056012045;1,49350738423292;-0,733667731777412;0,722866314628282;1,10524531272906;-1,75611078270551;0,17818579058304;-0,475963422608223;1,40301955321474;-0,235609686103578;-1,19783470744377;2,26690549349749;-0,1569371584172;0,672895196018432;-0,669334585149735;1,4029605976863;0,435141439774928;0,0658644504541193;1,72488932805114;1,16605194415949;1,19565613498915;0,663985427740536;0,865062259870128;-1,05125550665962;0,636945511051434;-0,53148502656387;-0,29078857719612;-0,915830137109496;-1,3114380723567;0,765904744477127;1,10860628122283;0,245015816134302;1,22861714291812;0,195618581522199;0,226993097893441;1,37582030533912;1,8709347470015;-0,841415496143018;0,627836435698647;-0,046553371018119;-0,780186949622805;-1,03752651505998;-0,349627825022248;0,168903774997187;-1,29970701908419;-1,52590146810555;-0,461375948614306;0,865293965789057;0,603336277808792;-1,52037277096472;-0,560505723537916;-1,27904637958736;0,593089648292361;-1,08797540954942;-0,571043462755849;-0,146497110004359;-0,379280099373145;-0,453791781171983;-0,234172658348446
-0,300459943922914;0,468000339659928;-0,884208859701055;-0,981232623772017;-0,920523181933449;-0,0553899113896401;0,00175347425504048;-1,00919413178352;1,3651129856104;1,6322149609885;0,0296638251886116;-1,46930080465333;-0,907549534430624;0,269202053497936;-0,73127919129145;-0,347656525124661;0,560440354334148;-0,55652404572837;-0,488735005868433;-1,62811436234974;0,178588445900733;1,35678413507625;0,303626434574923;-0,451237958542533;-1,37266554045045;-0,287742240987797;1,00555673968912;1,09777244890945;0,369707885936348;-1,13716016860931;-1,63819582872806;-0,0860881082305576;0,678824011483288;-1,09599190368123;-1,08247008550528;1,00975424036394;-1,8745996840609;1,01356767738422;1,62139606984606;0,876558455230637;-0,0295051092525692;1,49212767465535;-0,0165836960909912;0,771985670996973;-1,4102272284227;1,32909823861091;1,23862586967185;-0,215376573370207;-0,467330847351877;0,677145870216621;-0,0284534974868264;-1,39584007514883;1,06347653646555;-1,82200721451621;-0,428657634188624;0,295506993666252;-1,72132888659807;1,47327720938388;-1,32902951953608;0,93154170155833;0,97050071586398;0,712892578432298;0,481806470145268;0,756663565385272;1,43401907334524;-1,86067830788068;-0,532715832413464;-1,62545104395653;-0,489860902788275;-0,172467496412515;0,18211545121061
1,57308537005765;-0,34181248930796;0,426281006454397;0,578193450835082;1,03571769333307;-0,613442209795275;1,06618526167076;-0,977808016526534;-0,765038343410942;0,0220648268611215;-0,531905067488243;-0,276053899582616;1,43638843104491;0,628223901403234;1,62343145401805;0,371788836484603;0,840903430166194;1,06367266164861;0,495428781029396;1,0572140763001;-1,25142419430265;0,643373735815886;-1,30612681145946;1,69659431989796;1,03400551372055;-1,0965144447295;1,2436351870269;1,68847959564921;-1,48215866229887;-0,165446165366852;0,923008833855243;-1,74969606457116;1,45131840909869;-0,920913317896518;0,311829754308447;0,761548722947637;-0,790053582035724;-0,620803002841002;0,5927919425266;-0,952795291102517;-0,942309440887209;0,319284810499245;1,30836092447276;-0,735033773728187;-0,20893809299517;-0,780616546001265;0,783631286778089;-1,79076278508724;1,42362809068871;-0,515698784901589;0,860018369615909;-0,531087319596997;0,89415444674519;0,75998936636676;-0,815764160763756;-1,14759549827554;-0,932474837984224;0,627694389719991;1,39644177757626;0,0143557863420564;0,032061622594891;1,2548041142765;-1,77636757586502;1,1090197949716;0,904028120456368;-0,871751736105314;0,200124364183942;0,789199975776026;-1,710318310093;-0,996912193152276;0,0204850652005923
-0,513676715603364;-1,25518263956902;-0,287980635105205;0,232969067035545;0,308602238648291;1,32572055465834;1,65194561247005;0,378902932063697;0,356218407190661;-0,0277795195209729;0,814616741407901;-0,927212239296128;0,941268453452098;0,755046123126296;-0,323087339685274;-0,817147182521294;-1,18967200820502;1,97282127092108;-0,494930531533897;0,0910746548657439;1,06203503632851;0,26848615805974;-0,977543150272703;0,876265847600075;0,311215569346383;-0,216607565091286;-1,97840161660814;0,460770101289662;-1,71901602787367;0,812924760972926;-1,7578303471133;1,69074494767342;0,329693736692066;-1,58395229183445;-0,509507546064739;-0,768315087690098;-0,20230279819476;-1,28163472613714;0,673877314954371;-0,590100664117896;-0,239271244321722;-1,38389723445515;-0,497819789005686;1,96391801415538;1,11321523316682;1,30265811048776;-0,541612004481522;-1,55981424724304;-1,02251697100706;1,46187597115581;-0,0355742032854657;0,822428452938569;0,583935331412884;0,823941301377792;0,201573431630147;0,645868016334432;-1,90967440715754;0,21042651219554;-1,11877727472147;1,35060752412619;0,864075859608121;-0,393878078129306;-0,828804249166316;0,619985282986393;0,204298450427801;0,77571564812711;-0,763021544672504;1,24800168066925;-0,906814346916414;-1,36434279140072;0,377071835561737
1,49803769681513;-1,37964878036362;1,6962159473552;-1,48144301645665;0,0417589550389167;-1,23796699265417;-1,38378562966544;1,01294131926831;1,15052436309652;-0,635943826875867;1,95820900031444;-1,07932403456972;-0,978148103884719;-0,528199759970461;-0,926098904946323;-0,944196675031784;1,95481458482236;-0,945793510467487;1,12651475241509;-1,39523604472186;0,926855656175022;-1,0833588598542;1,4799615413361;1,29801044095278;-1,14191432032302;1,32590419583932;0,616338482281895;-0,538290908005693;1,65105960467349;0,597234525860175;0,225114733537454;1,32815013748347;-1,05588054514293;-0,949890691025393;-0,289846255586605;0,510976522642939;0,539160807116921;0,323480495553761;-0,893888800604364;0,879133770021737;1,34887665862348;0,571028947425396;-0,0446630457536875;0,637645469454517;0,903526657134422;-0,626255162746995;-1,38065625157469;-0,0971315716799326;-0,403117402946881;0,0485503325955678;-0,283968463101593;-0,420098270309356;0,366746125174021;-1,6029111052428;-1,27398957884068;1,40041659270181;-0,22702455535675;-0,392159628715977;-1,51867006989652;0,651958804962765;0,146302789231177;0,538526503478226;-1,63979397505007;-0,771657017532267;0,416416217990814;-1,26068298001236;-0,984137717698916;-0,757893732053611;1,6954756483351;0,995351285965554;-0,428109117003524
-0,536353848000995;-1,03454881296771;1,0653689830528;-0,679927447141482;-1,2195008309684;0,353977710920516;-1,57808452581935;0,893283432823729;1,29757322263336;0,933911069259585;-0,936475311082526;-0,917047050073404;0,228823098410839;1,34233603950709;-1,33202651076182;-1,08829552969392;-1,24999744877324;1,03035490903818;0,768904915435049;-0,562891607573682;-1,06766148628122;0,637293509550135;-0,208817627702825;-0,854426575250568;-0,730378209462132;0,828417802491275;-0,891688114215702;1,21867205463491;1,5880887176393;-1,02038366545705;1,53918296792241;-0,459404795074235;0,556798848613581;0,877253213595168;-0,813938206109395;-0,803993469107252;0,996057312069474;1,0985469178523;-1,33208968362502;-1,08916097558252;-0,730315024204737;0,18142489015725;-1,14564051984397;-2,00210956487516;-0,711740737148666;-0,432629371174674;-0,0756714150017405;-0,221079669706455;1,29979466182506;1,3601487342292;1,80387053501036;-0,280891951262037;-0,704552520818462;-1,03515637070104;-0,219834249876938;1,3117166827229;1,31507911087231;1,12626340041924;-1,40461003994715;-0,0515143280667611;0,190828060377071;-0,916460827540707;-0,777514422083681;1,2989433651299;1,56188062826865;1,06255275875532;0,265281804229045;0,926264615753103;1,36953694318612;1,4022144280115;0,0524269614974403
-0,30849139386798;0,855845142316663;0,273817161672982;-0,424942937561974;1,58494706229103;0,674491726011284;-0,193696512302894;1,63384755732278;1,97919488283487;-1,59011911001955;1,91638430638521;-0,631340916393842;1,4863721517444;-0,824298793265116;-0,0961963099459047;-1,79978948113896;-0,395025031237729;0,0800417502734991;-0,323783818794873;-0,0404884660645353;2,21997968249291;0,478904361503203;0,468868739776793;0,595698899027831;-1,69682037913227;-1,09744167702574;-0,673963322267575;-0,174236271825234;0,157729253879407;0,852755361383682;0,377896651975534;-0,0906815525584007;1,3709704259943;0,11864972552247;0,377831543117545;0,379411998765327;1,93673838306158;2,10925165899291;-0,261360145577099;-1,54000079095647;-0,0110690347808366;1,95823143942674;-1,03572214473461;-0,302099546869421;0,0554187811119045;1,43140648557959;-1,14478060841913;0,127340580335149;-1,20575480691294;1,38095247286356;-1,28842228727789;-0,746538809491417;-0,458871198205232;-0,535972300292816;-0,206562947044864;-0,1165004798223;-1,27467558590266;0,932246718028894;-0,336712133405514;-0,146437102213277;-0,780703360836703;-1,39674806876207;-1,17079276879991;-1,4238930745891;-0,259659218546262;0,290895454250299;-0,394395275652808;0,593598415262832;-0,124529695469548;0,587517292622308;0,516767861343334
0,257342339504052;1,4169804986189;-0,649851959978116;1,83846549213986;1,64677026239894;0,220976618518353;-1,03951831500769;-1,08389065790058;-1,13724108938332;-1,11879618487257;0,286453678669151;1,19041129276716;0,844993496903787;0,525257384768454;-0,823190633217295;-1,71311997851521;-0,126590470935888;1,05400270130444;1,58623444382028;0,165794304783488;-0,686607741278573;0,739160936858319;-1,41826453548675;1,43405684524599;-0,94930636502609;0,484422587189392;-1,43390616281662;1,39401688830705;1,74278311951562;-0,180398549183188;0,9319761459339;-1,10789846508106;0,118808043716391;1,10907359216172;0,342127979402634;0,0571079655489555;-1,50505895230672;-0,311828634442568;0,610884851208274;-1,2643489972244;1,40480981172841;-0,0128933894251891;-1,5264946358761;-0,840626404459111;0,863882001646506;-0,569137463224433;0,391911844063308;-0,152543271046536;-0,908133526918169;0,0988853679436379;1,6001133902386;0,535741299248801;0,400154793557841;-0,890519070028529;0,837759563012398;1,17054263630517;1,18074344085667;-0,281998497285514;0,931751694889547;-0,691165388637107;-0,148370191190428;-0,58663244814598;-1,09022423462862;0,986935801031387;-0,243781315463733;-0,347049699351976;-0,428787474422298;1,62766403495275;-1,60810043608134;0,953161275557372;0,00305127324885784
-1,81559045299828;-1,10660980181854;0,957535221708969;0,424061444681507;0,859442280158103;0,278629367549952;1,43198720958391;-1,14621579702407;1,62878509595132;-1,7890615234357;0,255448834343474;0,821374846903517;-0,743570866456441;-0,642848558850968;-1,89690220128709;-0,161997564202762;-0,613382332923268;-1,42296262016199;0,698751295650281;0,733021243185378;0,710246174562211;0,848349178989123;-0,708536277652655;0,427836714452169;0,259852036478554;-0,833899622761912;-1,03436722455898;0,792775752891101;-1,20015606486966;1,71329070962251;0,377691879900172;-0,596356937747315;-0,444283732245332;0,329279117591931;0,929344438421518;-0,102550943909624;1,13255586681649;-0,167110493588171;1,30050125900177;-1,36767858922995;1,3607605082268;-1,02859147559864;0,819038177676405;-1,19139456488641;1,14268763083981;0,789946932993061;0,732016863935676;-0,617864080430328;-0,822576974975649;0,89067794028673;-1,29293784347363;1,49060801023982;-0,93963912083208;-1,63373499478897;-1,3018202210429;-0,531472205485195;0,797212454416439;-1,0719953983664;-1,35237066826166;-0,584134346994497;-0,558902836299005;-1,28214633273453;0,995553442078736;1,01850251100507;-0,427964871982224;-1,50808922529793;-1,48545015496002;1,17590403107919;-0,0180686932189699;0,0505096585667189;0,216777808219607
0,452138609915323;-1,29723663432783;0,587979567060456;0,912186038696757;-0,185133797985395;0,994381270463983;-1,39167289996148;0,877857055586742;1,68939023722635;0,0342370676367943;-1,54336253880864;-0,42016732041279;-0,356224859967679;1,25291240450997;1,02899276255636;-1,501358236052;0,022886120099333;-0,559473567153743;0,129762727219292;0,566679811203395;0,693371271598159;0,136120934222044;-0,266047235345127;1,14906810707971;1,37161093396337;-0,698116589594149;1,54494822479168;1,66896358295501;0,542960348593738;0,238595134848088;1,10611495479428;0,749583131374846;1,0365757290883;-1,07222222668548;-0,835438375229572;0,606756794016706;0,483577750833576;-1,22666586699689;0,945275431062875;0,083916622959278;0,713797065612315;-0,340252348987489;-0,909108419421755;1,51145668158924;-0,564532334028766;1,01043114319782;-1,01977489802374;-1,72063200053334;-0,360027479776322;1,66644312217017;0,543233116335863;0,151071249846179;-1,80785027662154;1,40827941569001;-1,74692092568943;-1,41366235102804;0,563435824907641;1,32384685815055;1,5782924289888;-1,78865392730639;1,20021787167088;-1,30275411146828;-2,19992646110689;-0,800948480553904;0,560557843122187;-0,856878616697508;0,0857062821260478;-0,190695291457518;-0,146410039259672;-1,63707029462757;0,206919784503182
-0,879757648635672;0,237843371159141;1,39978824999866;1,48878650511506;-0,749168343410631;-1,1471565073717;-0,0795362639492436;0,00119372943815364;-1,25838410838578;-1,39990986325354;1,21375403885839;-0,386392429465685;0,864663177713661;0,9632040557068;-0,715785087825638;0,763502630186417;1,45434300095788;1,38924915807683;-0,637086558921714;-1,49233168425682;1,0236701120973;-0,25849601558123;0,634353221898115;0,445355093228629;0,0383568853733535;-0,591233997349508;1,70722107408279;-1,05989641510542;-1,22811719808158;-1,1199216899597;1,31723736558082;0,20436845577011;-0,268295772897767;-0,208977981063026;-0,18038584348605;-1,7524351997067;-1,43561778544565;1,49761346199789;1,13237146976125;1,51692658701859;-0,832723301987445;-0,424722342705893;0,80694675978535;-1,71995562550933;-1,75263853291564;0,74500361845411;-1,10767035366505;-0,0973656452890494;-0,269051767805163;0,214985520690186;0,258359535205272;0,0379932507549214;-1,34145863729367;-1,69193800393913;0,586590905651194;1,26382189071856;1,24692114459186;-0,465568448073498;-0,101490421620976;1,33003555633373;-0,914202959131924;-0,667276708806069;-0,106028158201784;1,64806357026129;-0,914136226354355;-0,74718517309812;1,35915246425876;-0,36354976826;-0,374866001004234;-0,964362920951513;0,148917001139185
-1,79614262869425;-1,49487153739926;-0,648073378801546;1,29957449952149;0,0988755349442324;0,435599330312057;0,0489942661911457;0,438043081430253;0,934604089161678;-1,5717398608088;0,173268988916347;0,822121619171607;0,155681667145471;0,159787286861732;-0,633619513411058;-0,32894526854637;-0,461446484709674;0,306846423912344;0,038590495044484;-1,56420102633009;0,805682135792918;-0,267689234012807;1,50584249252689;1,11124644619576;1,22056588301487;1,24028819449416;0,876818747351124;1,24534225656532;0,651002028399481;1,18359774312149;0,871431605647553;-1,48755666652643;-1,05803556978579;1,0383298461981;0,173342878865409;-0,569641860180478;1,08338769220587;-1,57429217120959;-1,50674239494154;-0,70471459072514;-1,11212312780263;-0,0728144137472905;0,226616161029335;1,47257566296562;0,649797988213634;-0,0791663509018974;1,61094339287463;-0,636663949526238;1,16838610614728;0,939634048058376;-0,201094014804062;0,517709367957299;1,16729224988308;-1,51467828850508;1,51258370919675;-0,0476829228109669;-0,896352796744044;-0,165613859021413;-1,93591573547298;0,756619124139794;1,23073656181393;0,497112341077216;1,07622314068697;1,75024784086677;-1,15159577273749;-0,152778685856428;0,603188817919975;0,758442713812948;-1,69923902241111;-1,43114746571262;-0,405822805140273
-0,612941542124339;0,228616238629045;-0,908824509412725;1,09050070019398;-1,37360380701837;1,10377036882802;-1,53406775959079;-1,51021619402727;-0,559559155660408;1,65894174836562;-0,502869360434511;-1,34037024942317;1,37570644656554;-1,04004180521875;-1,48286690537931;-0,795080851581937;-1,58750819531588;1,3573650285007;-1,08811771953969;-1,27809689871275;-1,07913737382355;-1,39428030614029;-0,557609643894538;-0,0998038895415422;0,165548043425269;1,07465530675279;0,504185252131723;-0,279060900650375;-0,640586846159463;1,4111084726162;-0,527959146482645;-0,449600210512579;0,928955656327436;-1,11631158762422;-0,644640226831032;-1,25894679158033;0,0911118511731028;-0,716307625738988;1,34455710723052;0,37496814070084;-1,27341339440787;-0,153620361500735;0,3098664155783;0,550633090547188;-0,125161592792827;0,184296447534455;1,65636403194118;1,39874735693149;-0,565335767080911;-0,962517969497642;0,39056992881369;1,10801617161416;1,3977583088363;1,29147473784712;-0,175794508005316;-0,26628882749376;-0,985607579427289;1,42645902155488;-0,792522764080014;-0,355850806837389;-0,674818843514635;0,424249012541207;1,84933946798793;0,300319145744767;0,660807674809332;-1,69204935103409;-0,173684455483647;0,414510687216615;1,87332409427998;1,95237438762834;0,00209206608687809
0,895876700141126;-1,16353202263939;0,0731864907712782;-1,5407336295386;1,36147245035284;-0,214547558497768;0,217732320378196;1,41289002795034;1,81346609479707;0,481051637133475;1,2060816324411;-0,312013005403094;-1,95717840390809;-1,3149663860112;-0,0755064127739061;-0,799992287227433;1,7368545677451;1,08222075107629;1,40118065139925;1,67268884434605;0,483848600814105;1,58474528506882;-0,0651259675349421;-1,01787384325219;0,350632098224769;0,204120778302138;-1,70924596243086;-1,33930380290952;-0,624171445364951;-1,46161240695999;-1,18921570581502;0,399664980900919;-1,17369960653186;0,079267082311323;0,510475819396257;0,780874859315977;0,293007870232922;0,454067034363249;-0,331844659370259;0,716344993194127;0,67053143494362;1,42754889571704;-0,517430057683126;0,856079607744558;-0,384455504088481;-0,534031162208404;1,09522961390841;-0,689186416829203;-1,58582001615879;0,279226604513038;0,175190401181959;1,60987219025443;-1,61296242893044;-1,70579662045918;-1,96207463483606;1,15645787933828;0,326195475955759;-0,631865484526127;0,0421674461027734;-0,68795061439783;-0,367938903404138;-0,0748870069646162;-0,334865807573623;0,780156547683039;-0,065971546860618;-1,60573053626627;1,49282566720607;0,329329502850029;-0,323472878207588;1,20585585449249;0,042317090341044
